state,city,population,year,source
NY,New York,8584629,2025,US Census Bureau Vintage 2025
CA,Los Angeles,3869089,2025,US Census Bureau Vintage 2025
IL,Chicago,2731585,2025,US Census Bureau Vintage 2025
TX,Houston,2397315,2025,US Census Bureau Vintage 2025
AZ,Phoenix,1665481,2025,US Census Bureau Vintage 2025
PA,Philadelphia,1574281,2025,US Census Bureau Vintage 2025
TX,San Antonio,1548422,2025,US Census Bureau Vintage 2025
CA,San Diego,1406106,2025,US Census Bureau Vintage 2025
TX,Dallas,1329491,2025,US Census Bureau Vintage 2025
TX,Fort Worth,1028117,2025,US Census Bureau Vintage 2025
FL,Jacksonville,1017689,2025,US Census Bureau Vintage 2025
TX,Austin,1002632,2025,US Census Bureau Vintage 2025
CA,San Jose,989814,2025,US Census Bureau Vintage 2025
NC,Charlotte,964784,2025,US Census Bureau Vintage 2025
OH,Columbus,938396,2025,US Census Bureau Vintage 2025
