name,state,population,year,source
New York,NY,8584629,2025,US Census Bureau Vintage 2025
Los Angeles,CA,3869089,2025,US Census Bureau Vintage 2025
Chicago,IL,2731585,2025,US Census Bureau Vintage 2025
Houston,TX,2397315,2025,US Census Bureau Vintage 2025
Phoenix,AZ,1665481,2025,US Census Bureau Vintage 2025
Philadelphia,PA,1574281,2025,US Census Bureau Vintage 2025
San Antonio,TX,1548422,2025,US Census Bureau Vintage 2025
San Diego,CA,1406106,2025,US Census Bureau Vintage 2025
Dallas,TX,1329491,2025,US Census Bureau Vintage 2025
Fort Worth,TX,1028117,2025,US Census Bureau Vintage 2025
Jacksonville,FL,1017689,2025,US Census Bureau Vintage 2025
Austin,TX,1002632,2025,US Census Bureau Vintage 2025
San Jose,CA,989814,2025,US Census Bureau Vintage 2025
Charlotte,NC,964784,2025,US Census Bureau Vintage 2025
Columbus,OH,938396,2025,US Census Bureau Vintage 2025
